algorithm,vertex count,edge count,density,cover size,duration (s)
exact exhaustive,2,0,0.0000,0,0.0010183
exact increasing size,2,0,0.0000,0,0.0000051
exact alex optimization,2,0,0.0000,0,0.0000046
approximation two factor,2,0,0.0000,0,0.0007445
approximation one by one,2,0,0.0000,0,0.0000099
exact exhaustive,2,1,1.0000,1,0.0000276
exact increasing size,2,1,1.0000,1,0.00003
exact alex optimization,2,1,1.0000,1,0.0000976
approximation two factor,2,1,1.0000,2,0.0000327
approximation one by one,2,1,1.0000,1,0.0000263
exact exhaustive,2,1,1.0000,1,0.0000139
exact increasing size,2,1,1.0000,1,0.0000204
exact alex optimization,2,1,1.0000,1,0.0000368
approximation two factor,2,1,1.0000,2,0.0000327
approximation one by one,2,1,1.0000,1,0.0000456
exact exhaustive,2,1,1.0000,1,0.000014
exact increasing size,2,1,1.0000,1,0.0000193
exact alex optimization,2,1,1.0000,1,0.0000346
approximation two factor,2,1,1.0000,2,0.00003
approximation one by one,2,1,1.0000,1,0.0000392
exact exhaustive,2,1,1.0000,1,0.0000149
exact increasing size,2,1,1.0000,1,0.0000231
exact alex optimization,2,1,1.0000,1,0.0000352
approximation two factor,2,1,1.0000,2,0.0000255
approximation one by one,2,1,1.0000,1,0.0000358
exact exhaustive,2,0,0.0000,0,0.0000015
exact increasing size,2,0,0.0000,0,0.0000018
exact alex optimization,2,0,0.0000,0,0.0000016
approximation two factor,2,0,0.0000,0,0.0000071
approximation one by one,2,0,0.0000,0,0.0000056
exact exhaustive,2,1,1.0000,1,0.0000178
exact increasing size,2,1,1.0000,1,0.0000248
exact alex optimization,2,1,1.0000,1,0.0000426
approximation two factor,2,1,1.0000,2,0.0000258
approximation one by one,2,1,1.0000,1,0.0000222
exact exhaustive,2,1,1.0000,1,0.0000141
exact increasing size,2,1,1.0000,1,0.0000243
exact alex optimization,2,1,1.0000,1,0.0000404
approximation two factor,2,1,1.0000,2,0.0000272
approximation one by one,2,1,1.0000,1,0.000024
exact exhaustive,2,1,1.0000,1,0.0000318
exact increasing size,2,1,1.0000,1,0.0000286
exact alex optimization,2,1,1.0000,1,0.0000376
approximation two factor,2,1,1.0000,2,0.0000316
approximation one by one,2,1,1.0000,1,0.0000264
exact exhaustive,2,1,1.0000,1,0.0000128
exact increasing size,2,1,1.0000,1,0.000019
exact alex optimization,2,1,1.0000,1,0.0000317
approximation two factor,2,1,1.0000,2,0.0000358
approximation one by one,2,1,1.0000,1,0.0000268
exact exhaustive,2,1,1.0000,1,0.0000112
exact increasing size,2,1,1.0000,1,0.0000188
exact alex optimization,2,1,1.0000,1,0.0000315
approximation two factor,2,1,1.0000,2,0.000031
approximation one by one,2,1,1.0000,1,0.000032
exact exhaustive,2,1,1.0000,1,0.0000157
exact increasing size,2,1,1.0000,1,0.0000298
exact alex optimization,2,1,1.0000,1,0.0000475
approximation two factor,2,1,1.0000,2,0.0000425
approximation one by one,2,1,1.0000,1,0.0000317
exact exhaustive,3,0,0.0000,0,0.0000014
exact increasing size,3,0,0.0000,0,0.0000071
exact alex optimization,3,0,0.0000,0,0.0000027
approximation two factor,3,0,0.0000,0,0.0000084
approximation one by one,3,0,0.0000,0,0.000009
exact exhaustive,3,1,0.3333,1,0.0000212
exact increasing size,3,1,0.3333,1,0.0000248
exact alex optimization,3,1,0.3333,1,0.0000442
approximation two factor,3,1,0.3333,2,0.0000241
approximation one by one,3,1,0.3333,1,0.0000193
exact exhaustive,3,1,0.3333,1,0.0000143
exact increasing size,3,1,0.3333,1,0.0000343
exact alex optimization,3,1,0.3333,1,0.0000448
approximation two factor,3,1,0.3333,2,0.0000256
approximation one by one,3,1,0.3333,1,0.0000194
exact exhaustive,3,1,0.3333,1,0.0000178
exact increasing size,3,1,0.3333,1,0.0000234
exact alex optimization,3,1,0.3333,1,0.0000721
approximation two factor,3,1,0.3333,2,0.0000616
approximation one by one,3,1,0.3333,1,0.0000266
exact exhaustive,3,0,0.0000,0,0.0000016
exact increasing size,3,0,0.0000,0,0.0000093
exact alex optimization,3,0,0.0000,0,0.0000023
approximation two factor,3,0,0.0000,0,0.0000093
approximation one by one,3,0,0.0000,0,0.000009
exact exhaustive,3,2,0.6667,1,0.0000767
exact increasing size,3,2,0.6667,1,0.0000614
exact alex optimization,3,2,0.6667,1,0.0000478
approximation two factor,3,2,0.6667,2,0.0000231
approximation one by one,3,2,0.6667,1,0.0000359
exact exhaustive,3,3,1.0000,2,0.0000157
exact increasing size,3,3,1.0000,2,0.0000444
exact alex optimization,3,3,1.0000,2,0.0000637
approximation two factor,3,3,1.0000,2,0.0000396
approximation one by one,3,3,1.0000,2,0.0000658
exact exhaustive,3,3,1.0000,2,0.0000477
exact increasing size,3,3,1.0000,2,0.0000346
exact alex optimization,3,3,1.0000,2,0.0000441
approximation two factor,3,3,1.0000,2,0.0000217
approximation one by one,3,3,1.0000,2,0.0000222
exact exhaustive,3,3,1.0000,2,0.0000194
exact increasing size,3,3,1.0000,2,0.0000423
exact alex optimization,3,3,1.0000,2,0.0000371
approximation two factor,3,3,1.0000,2,0.0000191
approximation one by one,3,3,1.0000,2,0.0000268
exact exhaustive,3,3,1.0000,2,0.0000142
exact increasing size,3,3,1.0000,2,0.0000276
exact alex optimization,3,3,1.0000,2,0.0000704
approximation two factor,3,3,1.0000,2,0.0000194
approximation one by one,3,3,1.0000,2,0.0000204
exact exhaustive,3,3,1.0000,2,0.0000212
exact increasing size,3,3,1.0000,2,0.0000425
exact alex optimization,3,3,1.0000,2,0.0000918
approximation two factor,3,3,1.0000,2,0.0001393
approximation one by one,3,3,1.0000,2,0.000067
exact exhaustive,3,3,1.0000,2,0.0000232
exact increasing size,3,3,1.0000,2,0.0000338
exact alex optimization,3,3,1.0000,2,0.0000436
approximation two factor,3,3,1.0000,2,0.0000241
approximation one by one,3,3,1.0000,2,0.0000229
exact exhaustive,4,1,0.1667,1,0.0000147
exact increasing size,4,1,0.1667,1,0.0000226
exact alex optimization,4,1,0.1667,1,0.0000255
approximation two factor,4,1,0.1667,2,0.0000203
approximation one by one,4,1,0.1667,1,0.0000144
exact exhaustive,4,2,0.3333,1,0.0000171
exact increasing size,4,2,0.3333,1,0.0000225
exact alex optimization,4,2,0.3333,1,0.000048
approximation two factor,4,2,0.3333,2,0.0000202
approximation one by one,4,2,0.3333,2,0.0000219
exact exhaustive,4,4,0.6667,2,0.0000229
exact increasing size,4,4,0.6667,2,0.000033
exact alex optimization,4,4,0.6667,2,0.0000559
approximation two factor,4,4,0.6667,4,0.0000997
approximation one by one,4,4,0.6667,3,0.0000554
exact exhaustive,4,4,0.6667,2,0.0000423
exact increasing size,4,4,0.6667,2,0.0000583
exact alex optimization,4,4,0.6667,2,0.0000592
approximation two factor,4,4,0.6667,4,0.0000297
approximation one by one,4,4,0.6667,3,0.0000256
exact exhaustive,4,5,0.8333,2,0.0000186
exact increasing size,4,5,0.8333,2,0.0000332
exact alex optimization,4,5,0.8333,2,0.0000478
approximation two factor,4,5,0.8333,4,0.0000276
approximation one by one,4,5,0.8333,3,0.0000278
exact exhaustive,4,5,0.8333,2,0.0000137
exact increasing size,4,5,0.8333,2,0.0000292
exact alex optimization,4,5,0.8333,2,0.0000438
approximation two factor,4,5,0.8333,4,0.000027
approximation one by one,4,5,0.8333,2,0.0000262
exact exhaustive,4,6,1.0000,3,0.0000203
exact increasing size,4,6,1.0000,3,0.0000511
exact alex optimization,4,6,1.0000,3,0.0000537
approximation two factor,4,6,1.0000,4,0.0000287
approximation one by one,4,6,1.0000,3,0.0000408
exact exhaustive,4,5,0.8333,2,0.0000652
exact increasing size,4,5,0.8333,2,0.0000724
exact alex optimization,4,5,0.8333,2,0.000099
approximation two factor,4,5,0.8333,4,0.000045
approximation one by one,4,5,0.8333,3,0.0000302
exact exhaustive,4,6,1.0000,3,0.000022
exact increasing size,4,6,1.0000,3,0.0000529
exact alex optimization,4,6,1.0000,3,0.0000603
approximation two factor,4,6,1.0000,4,0.0000485
approximation one by one,4,6,1.0000,3,0.0000344
exact exhaustive,4,6,1.0000,3,0.0000195
exact increasing size,4,6,1.0000,3,0.0000627
exact alex optimization,4,6,1.0000,3,0.0000476
approximation two factor,4,6,1.0000,4,0.0000318
approximation one by one,4,6,1.0000,3,0.0000331
exact exhaustive,4,6,1.0000,3,0.0000158
exact increasing size,4,6,1.0000,3,0.000042
exact alex optimization,4,6,1.0000,3,0.0000533
approximation two factor,4,6,1.0000,4,0.0000273
approximation one by one,4,6,1.0000,3,0.000032
exact exhaustive,4,6,1.0000,3,0.0000317
exact increasing size,4,6,1.0000,3,0.0000555
exact alex optimization,4,6,1.0000,3,0.0000795
approximation two factor,4,6,1.0000,4,0.0001294
approximation one by one,4,6,1.0000,3,0.0000532
exact exhaustive,5,2,0.2000,1,0.0000215
exact increasing size,5,2,0.2000,1,0.0000257
exact alex optimization,5,2,0.2000,1,0.0000312
approximation two factor,5,2,0.2000,2,0.0000267
approximation one by one,5,2,0.2000,1,0.0000134
exact exhaustive,5,2,0.2000,1,0.0000176
exact increasing size,5,2,0.2000,1,0.0000253
exact alex optimization,5,2,0.2000,1,0.0000224
approximation two factor,5,2,0.2000,2,0.0000157
approximation one by one,5,2,0.2000,2,0.0000154
exact exhaustive,5,5,0.5000,3,0.0000232
exact increasing size,5,5,0.5000,3,0.0000285
exact alex optimization,5,5,0.5000,3,0.0000451
approximation two factor,5,5,0.5000,4,0.0000233
approximation one by one,5,5,0.5000,3,0.0000235
exact exhaustive,5,5,0.5000,3,0.000048
exact increasing size,5,5,0.5000,3,0.0000387
exact alex optimization,5,5,0.5000,3,0.0000843
approximation two factor,5,5,0.5000,4,0.0000462
approximation one by one,5,5,0.5000,4,0.0000818
exact exhaustive,5,3,0.3000,2,0.0000246
exact increasing size,5,3,0.3000,2,0.0000195
exact alex optimization,5,3,0.3000,2,0.000078
approximation two factor,5,3,0.3000,2,0.0000238
approximation one by one,5,3,0.3000,2,0.0000168
exact exhaustive,5,9,0.9000,3,0.0000243
exact increasing size,5,9,0.9000,3,0.0000259
exact alex optimization,5,9,0.9000,3,0.0000969
approximation two factor,5,9,0.9000,4,0.0000287
approximation one by one,5,9,0.9000,4,0.0000281
exact exhaustive,5,8,0.8000,3,0.0000253
exact increasing size,5,8,0.8000,3,0.0000343
exact alex optimization,5,8,0.8000,3,0.0000915
approximation two factor,5,8,0.8000,4,0.0000247
approximation one by one,5,8,0.8000,4,0.0000331
exact exhaustive,5,8,0.8000,3,0.0000396
exact increasing size,5,8,0.8000,3,0.0000569
exact alex optimization,5,8,0.8000,3,0.0000778
approximation two factor,5,8,0.8000,4,0.0000898
approximation one by one,5,8,0.8000,4,0.0000484
exact exhaustive,5,10,1.0000,4,0.0000581
exact increasing size,5,10,1.0000,4,0.0000471
exact alex optimization,5,10,1.0000,4,0.0000747
approximation two factor,5,10,1.0000,4,0.0000268
approximation one by one,5,10,1.0000,4,0.0000287
exact exhaustive,5,10,1.0000,4,0.0000325
exact increasing size,5,10,1.0000,4,0.0000396
exact alex optimization,5,10,1.0000,4,0.0000621
approximation two factor,5,10,1.0000,4,0.0000236
approximation one by one,5,10,1.0000,4,0.000025
exact exhaustive,5,10,1.0000,4,0.0000311
exact increasing size,5,10,1.0000,4,0.0000511
exact alex optimization,5,10,1.0000,4,0.0000617
approximation two factor,5,10,1.0000,4,0.000047
approximation one by one,5,10,1.0000,4,0.000076
exact exhaustive,5,10,1.0000,4,0.0000434
exact increasing size,5,10,1.0000,4,0.0000595
exact alex optimization,5,10,1.0000,4,0.000123
approximation two factor,5,10,1.0000,4,0.0001743
approximation one by one,5,10,1.0000,4,0.0000485
exact exhaustive,6,0,0.0000,0,0.0000009
exact increasing size,6,0,0.0000,0,0.000001
exact alex optimization,6,0,0.0000,0,0.0000013
approximation two factor,6,0,0.0000,0,0.0000051
approximation one by one,6,0,0.0000,0,0.0000042
exact exhaustive,6,5,0.3333,3,0.0000418
exact increasing size,6,5,0.3333,3,0.0000253
exact alex optimization,6,5,0.3333,3,0.0000625
approximation two factor,6,5,0.3333,4,0.0000212
approximation one by one,6,5,0.3333,3,0.0000245
exact exhaustive,6,8,0.5333,3,0.0000498
exact increasing size,6,8,0.5333,3,0.0000323
exact alex optimization,6,8,0.5333,3,0.0000663
approximation two factor,6,8,0.5333,4,0.0000369
approximation one by one,6,8,0.5333,4,0.0000331
exact exhaustive,6,10,0.6667,4,0.0000602
exact increasing size,6,10,0.6667,4,0.0000456
exact alex optimization,6,10,0.6667,4,0.000107
approximation two factor,6,10,0.6667,6,0.0000449
approximation one by one,6,10,0.6667,5,0.0000396
exact exhaustive,6,12,0.8000,4,0.0000868
exact increasing size,6,12,0.8000,4,0.0000706
exact alex optimization,6,12,0.8000,4,0.0000833
approximation two factor,6,12,0.8000,4,0.0000341
approximation one by one,6,12,0.8000,4,0.000028
exact exhaustive,6,8,0.5333,3,0.0000405
exact increasing size,6,8,0.5333,3,0.0000342
exact alex optimization,6,8,0.5333,3,0.0000689
approximation two factor,6,8,0.5333,4,0.0000236
approximation one by one,6,8,0.5333,4,0.0000312
exact exhaustive,6,11,0.7333,4,0.0000557
exact increasing size,6,11,0.7333,4,0.0000672
exact alex optimization,6,11,0.7333,4,0.0001277
approximation two factor,6,11,0.7333,4,0.0000271
approximation one by one,6,11,0.7333,4,0.0000491
exact exhaustive,6,13,0.8667,4,0.0000713
exact increasing size,6,13,0.8667,4,0.0000472
exact alex optimization,6,13,0.8667,4,0.0000884
approximation two factor,6,13,0.8667,6,0.0000542
approximation one by one,6,13,0.8667,5,0.00004
exact exhaustive,6,15,1.0000,5,0.0000851
exact increasing size,6,15,1.0000,5,0.0000937
exact alex optimization,6,15,1.0000,5,0.0001025
approximation two factor,6,15,1.0000,6,0.0000321
approximation one by one,6,15,1.0000,5,0.0000361
exact exhaustive,6,15,1.0000,5,0.000062
exact increasing size,6,15,1.0000,5,0.0000596
exact alex optimization,6,15,1.0000,5,0.0000945
approximation two factor,6,15,1.0000,6,0.0000313
approximation one by one,6,15,1.0000,5,0.0000271
exact exhaustive,6,15,1.0000,5,0.0000634
exact increasing size,6,15,1.0000,5,0.0000614
exact alex optimization,6,15,1.0000,5,0.0001007
approximation two factor,6,15,1.0000,6,0.0000589
approximation one by one,6,15,1.0000,5,0.0000334
exact exhaustive,6,15,1.0000,5,0.0000651
exact increasing size,6,15,1.0000,5,0.0000547
exact alex optimization,6,15,1.0000,5,0.0001235
approximation two factor,6,15,1.0000,6,0.00005
approximation one by one,6,15,1.0000,5,0.0000797
exact exhaustive,7,3,0.1429,2,0.0000782
exact increasing size,7,3,0.1429,2,0.0000173
exact alex optimization,7,3,0.1429,2,0.0001141
approximation two factor,7,3,0.1429,2,0.000018
approximation one by one,7,3,0.1429,2,0.0000137
exact exhaustive,7,7,0.3333,3,0.0000606
exact increasing size,7,7,0.3333,3,0.0000321
exact alex optimization,7,7,0.3333,3,0.000048
approximation two factor,7,7,0.3333,6,0.0000209
approximation one by one,7,7,0.3333,3,0.0000125
exact exhaustive,7,10,0.4762,4,0.0000977
exact increasing size,7,10,0.4762,4,0.0000546
exact alex optimization,7,10,0.4762,4,0.0000818
approximation two factor,7,10,0.4762,6,0.0000318
approximation one by one,7,10,0.4762,4,0.0000221
exact exhaustive,7,9,0.4286,3,0.0000774
exact increasing size,7,9,0.4286,3,0.0000358
exact alex optimization,7,9,0.4286,3,0.0001035
approximation two factor,7,9,0.4286,4,0.000028
approximation one by one,7,9,0.4286,5,0.0000194
exact exhaustive,7,14,0.6667,4,0.0000837
exact increasing size,7,14,0.6667,4,0.0000768
exact alex optimization,7,14,0.6667,4,0.0002086
approximation two factor,7,14,0.6667,6,0.0000495
approximation one by one,7,14,0.6667,6,0.0000273
exact exhaustive,7,15,0.7143,4,0.0000843
exact increasing size,7,15,0.7143,4,0.0000628
exact alex optimization,7,15,0.7143,4,0.0001148
approximation two factor,7,15,0.7143,6,0.0000299
approximation one by one,7,15,0.7143,6,0.0000263
exact exhaustive,7,18,0.8571,5,0.0001645
exact increasing size,7,18,0.8571,5,0.0000878
exact alex optimization,7,18,0.8571,5,0.0001423
approximation two factor,7,18,0.8571,6,0.0000387
approximation one by one,7,18,0.8571,6,0.0000246
exact exhaustive,7,19,0.9048,5,0.0001116
exact increasing size,7,19,0.9048,5,0.0000972
exact alex optimization,7,19,0.9048,5,0.0001382
approximation two factor,7,19,0.9048,6,0.0000287
approximation one by one,7,19,0.9048,6,0.0000251
exact exhaustive,7,21,1.0000,6,0.0001184
exact increasing size,7,21,1.0000,6,0.0001252
exact alex optimization,7,21,1.0000,6,0.0002614
approximation two factor,7,21,1.0000,6,0.0000589
approximation one by one,7,21,1.0000,6,0.0000387
exact exhaustive,7,21,1.0000,6,0.0001441
exact increasing size,7,21,1.0000,6,0.0001445
exact alex optimization,7,21,1.0000,6,0.0001816
approximation two factor,7,21,1.0000,6,0.0000276
approximation one by one,7,21,1.0000,6,0.0000285
exact exhaustive,7,21,1.0000,6,0.0001035
exact increasing size,7,21,1.0000,6,0.000093
exact alex optimization,7,21,1.0000,6,0.0001332
approximation two factor,7,21,1.0000,6,0.0000254
approximation one by one,7,21,1.0000,6,0.0000449
exact exhaustive,7,21,1.0000,6,0.0001006
exact increasing size,7,21,1.0000,6,0.0001055
exact alex optimization,7,21,1.0000,6,0.0001354
approximation two factor,7,21,1.0000,6,0.0000244
approximation one by one,7,21,1.0000,6,0.0000287
exact exhaustive,8,2,0.0714,2,0.0001078
exact increasing size,8,2,0.0714,2,0.0000135
exact alex optimization,8,2,0.0714,2,0.0000523
approximation two factor,8,2,0.0714,4,0.0000231
approximation one by one,8,2,0.0714,2,0.0000247
exact exhaustive,8,5,0.1786,2,0.0001057
exact increasing size,8,5,0.1786,2,0.0000242
exact alex optimization,8,5,0.1786,2,0.0001047
approximation two factor,8,5,0.1786,4,0.0000198
approximation one by one,8,5,0.1786,3,0.0000156
exact exhaustive,8,11,0.3929,4,0.0001226
exact increasing size,8,11,0.3929,4,0.0000602
exact alex optimization,8,11,0.3929,4,0.0001324
approximation two factor,8,11,0.3929,6,0.0000197
approximation one by one,8,11,0.3929,5,0.0000206
exact exhaustive,8,14,0.5000,5,0.0001562
exact increasing size,8,14,0.5000,5,0.0001376
exact alex optimization,8,14,0.5000,5,0.0001683
approximation two factor,8,14,0.5000,8,0.0000242
approximation one by one,8,14,0.5000,5,0.0000201
exact exhaustive,8,21,0.7500,6,0.0002073
exact increasing size,8,21,0.7500,6,0.0001517
exact alex optimization,8,21,0.7500,6,0.0002054
approximation two factor,8,21,0.7500,6,0.0000407
approximation one by one,8,21,0.7500,7,0.0000687
exact exhaustive,8,19,0.6786,5,0.0001677
exact increasing size,8,19,0.6786,5,0.0001214
exact alex optimization,8,19,0.6786,5,0.0005137
approximation two factor,8,19,0.6786,8,0.0000308
approximation one by one,8,19,0.6786,6,0.000038
exact exhaustive,8,26,0.9286,6,0.0002085
exact increasing size,8,26,0.9286,6,0.0001868
exact alex optimization,8,26,0.9286,6,0.0002741
approximation two factor,8,26,0.9286,8,0.0000567
approximation one by one,8,26,0.9286,6,0.0000503
exact exhaustive,8,23,0.8214,6,0.0004134
exact increasing size,8,23,0.8214,6,0.0001481
exact alex optimization,8,23,0.8214,6,0.0002333
approximation two factor,8,23,0.8214,6,0.000027
approximation one by one,8,23,0.8214,7,0.000031
exact exhaustive,8,26,0.9286,6,0.0002058
exact increasing size,8,26,0.9286,6,0.0001757
exact alex optimization,8,26,0.9286,6,0.0002688
approximation two factor,8,26,0.9286,8,0.0000455
approximation one by one,8,26,0.9286,7,0.0000563
exact exhaustive,8,28,1.0000,7,0.0002417
exact increasing size,8,28,1.0000,7,0.0001609
exact alex optimization,8,28,1.0000,7,0.0002709
approximation two factor,8,28,1.0000,8,0.0000296
approximation one by one,8,28,1.0000,7,0.0000305
exact exhaustive,8,28,1.0000,7,0.0004675
exact increasing size,8,28,1.0000,7,0.0001576
exact alex optimization,8,28,1.0000,7,0.0002622
approximation two factor,8,28,1.0000,8,0.0000295
approximation one by one,8,28,1.0000,7,0.0000362
exact exhaustive,8,28,1.0000,7,0.0002226
exact increasing size,8,28,1.0000,7,0.0001658
exact alex optimization,8,28,1.0000,7,0.0002769
approximation two factor,8,28,1.0000,8,0.0000512
approximation one by one,8,28,1.0000,7,0.0000437
exact exhaustive,9,7,0.1944,4,0.0002324
exact increasing size,9,7,0.1944,4,0.0000796
exact alex optimization,9,7,0.1944,4,0.0002246
approximation two factor,9,7,0.1944,8,0.0000435
approximation one by one,9,7,0.1944,5,0.0000448
exact exhaustive,9,6,0.1667,2,0.0002592
exact increasing size,9,6,0.1667,2,0.0000158
exact alex optimization,9,6,0.1667,2,0.0000848
approximation two factor,9,6,0.1667,4,0.0000165
approximation one by one,9,6,0.1667,4,0.000033
exact exhaustive,9,14,0.3889,5,0.0003058
exact increasing size,9,14,0.3889,5,0.0001121
exact alex optimization,9,14,0.3889,5,0.0003213
approximation two factor,9,14,0.3889,6,0.0000298
approximation one by one,9,14,0.3889,6,0.0000342
exact exhaustive,9,16,0.4444,4,0.0001529
exact increasing size,9,16,0.4444,4,0.0000581
exact alex optimization,9,16,0.4444,4,0.0001541
approximation two factor,9,16,0.4444,8,0.0000283
approximation one by one,9,16,0.4444,4,0.0000163
exact exhaustive,9,23,0.6389,6,0.0002569
exact increasing size,9,23,0.6389,6,0.0001852
exact alex optimization,9,23,0.6389,6,0.0004639
approximation two factor,9,23,0.6389,8,0.0000475
approximation one by one,9,23,0.6389,8,0.0000635
exact exhaustive,9,31,0.8611,7,0.0003347
exact increasing size,9,31,0.8611,7,0.0002491
exact alex optimization,9,31,0.8611,7,0.0003681
approximation two factor,9,31,0.8611,8,0.0000323
approximation one by one,9,31,0.8611,8,0.0000338
exact exhaustive,9,29,0.8056,7,0.000277
exact increasing size,9,29,0.8056,7,0.0002388
exact alex optimization,9,29,0.8056,7,0.0003365
approximation two factor,9,29,0.8056,8,0.0000279
approximation one by one,9,29,0.8056,8,0.0000292
exact exhaustive,9,33,0.9167,7,0.0002597
exact increasing size,9,33,0.9167,7,0.0002488
exact alex optimization,9,33,0.9167,7,0.0003191
approximation two factor,9,33,0.9167,8,0.0000317
approximation one by one,9,33,0.9167,8,0.0000321
exact exhaustive,9,35,0.9722,7,0.0003398
exact increasing size,9,35,0.9722,7,0.0003339
exact alex optimization,9,35,0.9722,7,0.0004426
approximation two factor,9,35,0.9722,8,0.0000505
approximation one by one,9,35,0.9722,8,0.0000713
exact exhaustive,9,36,1.0000,8,0.0003889
exact increasing size,9,36,1.0000,8,0.0003534
exact alex optimization,9,36,1.0000,8,0.0004082
approximation two factor,9,36,1.0000,8,0.0000344
approximation one by one,9,36,1.0000,8,0.0000386
exact exhaustive,9,36,1.0000,8,0.0003873
exact increasing size,9,36,1.0000,8,0.000358
exact alex optimization,9,36,1.0000,8,0.000427
approximation two factor,9,36,1.0000,8,0.0000319
approximation one by one,9,36,1.0000,8,0.0000346
exact exhaustive,9,36,1.0000,8,0.0019978
exact increasing size,9,36,1.0000,8,0.000391
exact alex optimization,9,36,1.0000,8,0.0004716
approximation two factor,9,36,1.0000,8,0.000039
approximation one by one,9,36,1.0000,8,0.0000437
exact exhaustive,10,11,0.2444,5,0.0005398
exact increasing size,10,11,0.2444,5,0.0001606
exact alex optimization,10,11,0.2444,5,0.000218
approximation two factor,10,11,0.2444,8,0.0000233
approximation one by one,10,11,0.2444,6,0.0000169
exact exhaustive,10,8,0.1778,5,0.000298
exact increasing size,10,8,0.1778,5,0.0001893
exact alex optimization,10,8,0.1778,5,0.0002037
approximation two factor,10,8,0.1778,10,0.000018
approximation one by one,10,8,0.1778,6,0.0000145
exact exhaustive,10,17,0.3778,5,0.0004094
exact increasing size,10,17,0.3778,5,0.0002179
exact alex optimization,10,17,0.3778,5,0.0003096
approximation two factor,10,17,0.3778,8,0.0000236
approximation one by one,10,17,0.3778,7,0.0000274
exact exhaustive,10,16,0.3556,5,0.0003699
exact increasing size,10,16,0.3556,5,0.0001436
exact alex optimization,10,16,0.3556,5,0.0003912
approximation two factor,10,16,0.3556,6,0.0000358
approximation one by one,10,16,0.3556,6,0.0001059
exact exhaustive,10,35,0.7778,8,0.0006651
exact increasing size,10,35,0.7778,8,0.0007226
exact alex optimization,10,35,0.7778,8,0.0006599
approximation two factor,10,35,0.7778,10,0.0000391
approximation one by one,10,35,0.7778,8,0.0000368
exact exhaustive,10,35,0.7778,7,0.0006497
exact increasing size,10,35,0.7778,7,0.0005309
exact alex optimization,10,35,0.7778,7,0.0007103
approximation two factor,10,35,0.7778,8,0.0000353
approximation one by one,10,35,0.7778,8,0.0000308
exact exhaustive,10,36,0.8000,8,0.0006072
exact increasing size,10,36,0.8000,8,0.0004575
exact alex optimization,10,36,0.8000,8,0.0007622
approximation two factor,10,36,0.8000,8,0.0001191
approximation one by one,10,36,0.8000,8,0.0000407
exact exhaustive,10,42,0.9333,8,0.0005993
exact increasing size,10,42,0.9333,8,0.0004357
exact alex optimization,10,42,0.9333,8,0.0008563
approximation two factor,10,42,0.9333,10,0.0000393
approximation one by one,10,42,0.9333,9,0.00004
exact exhaustive,10,45,1.0000,9,0.000907
exact increasing size,10,45,1.0000,9,0.0007221
exact alex optimization,10,45,1.0000,9,0.00078
approximation two factor,10,45,1.0000,10,0.0000497
approximation one by one,10,45,1.0000,9,0.0001005
exact exhaustive,10,44,0.9778,8,0.0009602
exact increasing size,10,44,0.9778,8,0.0005169
exact alex optimization,10,44,0.9778,8,0.0008036
approximation two factor,10,44,0.9778,10,0.0000421
approximation one by one,10,44,0.9778,9,0.0000392
exact exhaustive,10,45,1.0000,9,0.0009405
exact increasing size,10,45,1.0000,9,0.0006872
exact alex optimization,10,45,1.0000,9,0.0009396
approximation two factor,10,45,1.0000,10,0.0000419
approximation one by one,10,45,1.0000,9,0.0000458
exact exhaustive,10,45,1.0000,9,0.0006738
exact increasing size,10,45,1.0000,9,0.0006784
exact alex optimization,10,45,1.0000,9,0.0010804
approximation two factor,10,45,1.0000,10,0.0000656
approximation one by one,10,45,1.0000,9,0.0000654
exact exhaustive,11,5,0.0909,3,0.0001893
exact increasing size,11,5,0.0909,3,0.0000345
exact alex optimization,11,5,0.0909,3,0.000066
approximation two factor,11,5,0.0909,4,0.0000079
approximation one by one,11,5,0.0909,3,0.0000084
exact exhaustive,11,16,0.2909,6,0.0005552
exact increasing size,11,16,0.2909,6,0.0003734
exact alex optimization,11,16,0.2909,6,0.0005504
approximation two factor,11,16,0.2909,10,0.0000167
approximation one by one,11,16,0.2909,7,0.0000181
exact exhaustive,11,24,0.4364,5,0.000489
exact increasing size,11,24,0.4364,5,0.0002881
exact alex optimization,11,24,0.4364,5,0.0009916
approximation two factor,11,24,0.4364,8,0.0000695
approximation one by one,11,24,0.4364,8,0.0000565
exact exhaustive,11,25,0.4545,5,0.000642
exact increasing size,11,25,0.4545,5,0.0002779
exact alex optimization,11,25,0.4545,5,0.0007224
approximation two factor,11,25,0.4545,10,0.0000221
approximation one by one,11,25,0.4545,7,0.0000293
exact exhaustive,11,34,0.6182,7,0.0006861
exact increasing size,11,34,0.6182,7,0.0008365
exact alex optimization,11,34,0.6182,7,0.0010518
approximation two factor,11,34,0.6182,8,0.0000231
approximation one by one,11,34,0.6182,8,0.0000299
exact exhaustive,11,45,0.8182,8,0.0010058
exact increasing size,11,45,0.8182,8,0.0013397
exact alex optimization,11,45,0.8182,8,0.0018782
approximation two factor,11,45,0.8182,10,0.000041
approximation one by one,11,45,0.8182,10,0.0000462
exact exhaustive,11,46,0.8364,8,0.0014417
exact increasing size,11,46,0.8364,8,0.001359
exact alex optimization,11,46,0.8364,8,0.0016166
approximation two factor,11,46,0.8364,10,0.0000321
approximation one by one,11,46,0.8364,10,0.0000419
exact exhaustive,11,47,0.8545,8,0.0012195
exact increasing size,11,47,0.8545,8,0.0009622
exact alex optimization,11,47,0.8545,8,0.0012862
approximation two factor,11,47,0.8545,10,0.0000842
approximation one by one,11,47,0.8545,8,0.0000458
exact exhaustive,11,51,0.9273,9,0.0010292
exact increasing size,11,51,0.9273,9,0.0013627
exact alex optimization,11,51,0.9273,9,0.0013804
approximation two factor,11,51,0.9273,10,0.0000349
approximation one by one,11,51,0.9273,10,0.0000446
exact exhaustive,11,55,1.0000,10,0.0015245
exact increasing size,11,55,1.0000,10,0.0015522
exact alex optimization,11,55,1.0000,10,0.0020583
approximation two factor,11,55,1.0000,10,0.0000488
approximation one by one,11,55,1.0000,10,0.0000623
exact exhaustive,11,55,1.0000,10,0.0015324
exact increasing size,11,55,1.0000,10,0.0015401
exact alex optimization,11,55,1.0000,10,0.0018632
approximation two factor,11,55,1.0000,10,0.0000453
approximation one by one,11,55,1.0000,10,0.0000601
exact exhaustive,11,55,1.0000,10,0.0016507
exact increasing size,11,55,1.0000,10,0.0018576
exact alex optimization,11,55,1.0000,10,0.0016669
approximation two factor,11,55,1.0000,10,0.0000412
approximation one by one,11,55,1.0000,10,0.0000585
exact exhaustive,12,4,0.0606,3,0.0003703
exact increasing size,12,4,0.0606,3,0.0000627
exact alex optimization,12,4,0.0606,3,0.0000474
approximation two factor,12,4,0.0606,6,0.0000122
approximation one by one,12,4,0.0606,3,0.000008
exact exhaustive,12,13,0.1970,6,0.0007527
exact increasing size,12,13,0.1970,6,0.0004847
exact alex optimization,12,13,0.1970,6,0.0007094
approximation two factor,12,13,0.1970,10,0.0000501
approximation one by one,12,13,0.1970,8,0.0000443
exact exhaustive,12,22,0.3333,7,0.0010542
exact increasing size,12,22,0.3333,7,0.0009089
exact alex optimization,12,22,0.3333,7,0.0010602
approximation two factor,12,22,0.3333,8,0.000029
approximation one by one,12,22,0.3333,7,0.0000247
exact exhaustive,12,36,0.5455,8,0.0015917
exact increasing size,12,36,0.5455,8,0.0016953
exact alex optimization,12,36,0.5455,8,0.0016887
approximation two factor,12,36,0.5455,10,0.0000434
approximation one by one,12,36,0.5455,8,0.0000922
exact exhaustive,12,40,0.6061,8,0.0017471
exact increasing size,12,40,0.6061,8,0.0016534
exact alex optimization,12,40,0.6061,8,0.0015693
approximation two factor,12,40,0.6061,10,0.000035
approximation one by one,12,40,0.6061,10,0.0000587
exact exhaustive,12,49,0.7424,8,0.0016096
exact increasing size,12,49,0.7424,8,0.0016107
exact alex optimization,12,49,0.7424,8,0.0017811
approximation two factor,12,49,0.7424,12,0.0000359
approximation one by one,12,49,0.7424,11,0.0000443
exact exhaustive,12,54,0.8182,9,0.0025926
exact increasing size,12,54,0.8182,9,0.0033254
exact alex optimization,12,54,0.8182,9,0.0021036
approximation two factor,12,54,0.8182,12,0.0000637
approximation one by one,12,54,0.8182,11,0.0000842
exact exhaustive,12,54,0.8182,10,0.0026173
exact increasing size,12,54,0.8182,10,0.002385
exact alex optimization,12,54,0.8182,10,0.002446
approximation two factor,12,54,0.8182,12,0.0000486
approximation one by one,12,54,0.8182,11,0.0000666
exact exhaustive,12,62,0.9394,10,0.0023148
exact increasing size,12,62,0.9394,10,0.0023177
exact alex optimization,12,62,0.9394,10,0.0029622
approximation two factor,12,62,0.9394,12,0.000054
approximation one by one,12,62,0.9394,11,0.0000675
exact exhaustive,12,63,0.9545,10,0.0036406
exact increasing size,12,63,0.9545,10,0.0026543
exact alex optimization,12,63,0.9545,10,0.0036771
approximation two factor,12,63,0.9545,12,0.0000438
approximation one by one,12,63,0.9545,11,0.0000583
exact exhaustive,12,66,1.0000,11,0.0037941
exact increasing size,12,66,1.0000,11,0.0030321
exact alex optimization,12,66,1.0000,11,0.0031224
approximation two factor,12,66,1.0000,12,0.0000443
approximation one by one,12,66,1.0000,11,0.0000508
exact exhaustive,12,66,1.0000,11,0.0028265
exact increasing size,12,66,1.0000,11,0.0024863
exact alex optimization,12,66,1.0000,11,0.0032073
approximation two factor,12,66,1.0000,12,0.0000455
approximation one by one,12,66,1.0000,11,0.0000489
exact exhaustive,13,7,0.0897,5,0.0008855
exact increasing size,13,7,0.0897,5,0.0003234
exact alex optimization,13,7,0.0897,5,0.0003439
approximation two factor,13,7,0.0897,10,0.000013
approximation one by one,13,7,0.0897,5,0.0000099
exact exhaustive,13,15,0.1923,6,0.001229
exact increasing size,13,15,0.1923,6,0.0007647
exact alex optimization,13,15,0.1923,6,0.0012191
approximation two factor,13,15,0.1923,10,0.0000134
approximation one by one,13,15,0.1923,8,0.0000164
exact exhaustive,13,29,0.3718,8,0.0024171
exact increasing size,13,29,0.3718,8,0.001659
exact alex optimization,13,29,0.3718,8,0.0027028
approximation two factor,13,29,0.3718,12,0.0000302
approximation one by one,13,29,0.3718,10,0.0000325
exact exhaustive,13,39,0.5000,9,0.0030105
exact increasing size,13,39,0.5000,9,0.0031149
exact alex optimization,13,39,0.5000,9,0.003306
approximation two factor,13,39,0.5000,12,0.0000364
approximation one by one,13,39,0.5000,11,0.0000395
exact exhaustive,13,51,0.6538,9,0.0039539
exact increasing size,13,51,0.6538,9,0.0031861
exact alex optimization,13,51,0.6538,9,0.0040265
approximation two factor,13,51,0.6538,12,0.0000418
approximation one by one,13,51,0.6538,12,0.0000809
exact exhaustive,13,60,0.7692,10,0.0044904
exact increasing size,13,60,0.7692,10,0.0043717
exact alex optimization,13,60,0.7692,10,0.0048862
approximation two factor,13,60,0.7692,12,0.0000575
approximation one by one,13,60,0.7692,12,0.0000554
exact exhaustive,13,64,0.8205,10,0.00519
exact increasing size,13,64,0.8205,10,0.0053666
exact alex optimization,13,64,0.8205,10,0.0053071
approximation two factor,13,64,0.8205,12,0.0000575
approximation one by one,13,64,0.8205,12,0.0000512
exact exhaustive,13,74,0.9487,11,0.0058129
exact increasing size,13,74,0.9487,11,0.0054367
exact alex optimization,13,74,0.9487,11,0.0057238
approximation two factor,13,74,0.9487,12,0.0000565
approximation one by one,13,74,0.9487,12,0.0001303
exact exhaustive,13,73,0.9359,11,0.0066955
exact increasing size,13,73,0.9359,11,0.0058496
exact alex optimization,13,73,0.9359,11,0.0069222
approximation two factor,13,73,0.9359,12,0.0000461
approximation one by one,13,73,0.9359,12,0.0000605
exact exhaustive,13,78,1.0000,12,0.007172
exact increasing size,13,78,1.0000,12,0.007209
exact alex optimization,13,78,1.0000,12,0.0076559
approximation two factor,13,78,1.0000,12,0.0000988
approximation one by one,13,78,1.0000,12,0.0001075
exact exhaustive,13,78,1.0000,12,0.0075389
exact increasing size,13,78,1.0000,12,0.0074005
exact alex optimization,13,78,1.0000,12,0.007454
approximation two factor,13,78,1.0000,12,0.0000508
approximation one by one,13,78,1.0000,12,0.0000631
exact exhaustive,13,78,1.0000,12,0.0081378
exact increasing size,13,78,1.0000,12,0.0069426
exact alex optimization,13,78,1.0000,12,0.0081225
approximation two factor,13,78,1.0000,12,0.0000477
approximation one by one,13,78,1.0000,12,0.000065
exact exhaustive,14,8,0.0879,5,0.001685
exact increasing size,14,8,0.0879,5,0.0003972
exact alex optimization,14,8,0.0879,5,0.0007731
approximation two factor,14,8,0.0879,8,0.0000183
approximation one by one,14,8,0.0879,7,0.0000222
exact exhaustive,14,20,0.2198,6,0.0028286
exact increasing size,14,20,0.2198,6,0.0015221
exact alex optimization,14,20,0.2198,6,0.0024825
approximation two factor,14,20,0.2198,10,0.0000188
approximation one by one,14,20,0.2198,9,0.0000241
exact exhaustive,14,27,0.2967,8,0.0048439
exact increasing size,14,27,0.2967,8,0.0035369
exact alex optimization,14,27,0.2967,8,0.0050039
approximation two factor,14,27,0.2967,12,0.0000249
approximation one by one,14,27,0.2967,11,0.0000309
exact exhaustive,14,44,0.4835,10,0.0072475
exact increasing size,14,44,0.4835,10,0.0064849
exact alex optimization,14,44,0.4835,10,0.0071683
approximation two factor,14,44,0.4835,14,0.0000843
approximation one by one,14,44,0.4835,10,0.0000445
exact exhaustive,14,66,0.7253,11,0.0108356
exact increasing size,14,66,0.7253,11,0.0099056
exact alex optimization,14,66,0.7253,11,0.0113309
approximation two factor,14,66,0.7253,12,0.000045
approximation one by one,14,66,0.7253,13,0.0000588
exact exhaustive,14,73,0.8022,11,0.009885
exact increasing size,14,73,0.8022,11,0.0075529
exact alex optimization,14,73,0.8022,11,0.00903
approximation two factor,14,73,0.8022,14,0.0000632
approximation one by one,14,73,0.8022,13,0.0000956
exact exhaustive,14,75,0.8242,11,0.0092165
exact increasing size,14,75,0.8242,11,0.0073784
exact alex optimization,14,75,0.8242,11,0.009479
approximation two factor,14,75,0.8242,12,0.0001295
approximation one by one,14,75,0.8242,13,0.0000668
exact exhaustive,14,81,0.8901,11,0.0106917
exact increasing size,14,81,0.8901,11,0.0100367
exact alex optimization,14,81,0.8901,11,0.0118126
approximation two factor,14,81,0.8901,12,0.0000477
approximation one by one,14,81,0.8901,13,0.0001105
exact exhaustive,14,87,0.9560,12,0.0130981
exact increasing size,14,87,0.9560,12,0.0110118
exact alex optimization,14,87,0.9560,12,0.0173297
approximation two factor,14,87,0.9560,14,0.0001072
approximation one by one,14,87,0.9560,12,0.0001085
exact exhaustive,14,90,0.9890,12,0.0126856
exact increasing size,14,90,0.9890,12,0.0108928
exact alex optimization,14,90,0.9890,12,0.0122496
approximation two factor,14,90,0.9890,14,0.0000459
approximation one by one,14,90,0.9890,13,0.0000627
exact exhaustive,14,90,0.9890,12,0.0129799
exact increasing size,14,90,0.9890,12,0.0126934
exact alex optimization,14,90,0.9890,12,0.0147519
approximation two factor,14,90,0.9890,14,0.0000488
approximation one by one,14,90,0.9890,13,0.0000587
exact exhaustive,14,91,1.0000,13,0.0157425
exact increasing size,14,91,1.0000,13,0.0133164
exact alex optimization,14,91,1.0000,13,0.0156001
approximation two factor,14,91,1.0000,14,0.000051
approximation one by one,14,91,1.0000,13,0.0000869
exact exhaustive,15,14,0.1333,5,0.0041868
exact increasing size,15,14,0.1333,5,0.0003549
exact alex optimization,15,14,0.1333,5,0.0029264
approximation two factor,15,14,0.1333,6,0.000015
approximation one by one,15,14,0.1333,7,0.0000401
exact exhaustive,15,20,0.1905,6,0.0051425
exact increasing size,15,20,0.1905,6,0.001725
exact alex optimization,15,20,0.1905,6,0.0056151
approximation two factor,15,20,0.1905,10,0.0000325
approximation one by one,15,20,0.1905,10,0.0001133
exact exhaustive,15,37,0.3524,9,0.0098883
exact increasing size,15,37,0.3524,9,0.0099032
exact alex optimization,15,37,0.3524,9,0.0098115
approximation two factor,15,37,0.3524,14,0.0000282
approximation one by one,15,37,0.3524,12,0.0000363
exact exhaustive,15,49,0.4667,9,0.0097227
exact increasing size,15,49,0.4667,9,0.0076799
exact alex optimization,15,49,0.4667,9,0.009528
approximation two factor,15,49,0.4667,12,0.0000439
approximation one by one,15,49,0.4667,12,0.0001548
exact exhaustive,15,69,0.6571,11,0.0130427
exact increasing size,15,69,0.6571,11,0.0119049
exact alex optimization,15,69,0.6571,11,0.0133549
approximation two factor,15,69,0.6571,14,0.0000407
approximation one by one,15,69,0.6571,12,0.0000462
exact exhaustive,15,74,0.7048,12,0.0171342
exact increasing size,15,74,0.7048,12,0.0144543
exact alex optimization,15,74,0.7048,12,0.0170983
approximation two factor,15,74,0.7048,14,0.0000447
approximation one by one,15,74,0.7048,13,0.0000623
exact exhaustive,15,83,0.7905,12,0.0182621
exact increasing size,15,83,0.7905,12,0.0160051
exact alex optimization,15,83,0.7905,12,0.0209076
approximation two factor,15,83,0.7905,14,0.000058
approximation one by one,15,83,0.7905,12,0.0000521
exact exhaustive,15,95,0.9048,13,0.0268778
exact increasing size,15,95,0.9048,13,0.0203881
exact alex optimization,15,95,0.9048,13,0.0219703
approximation two factor,15,95,0.9048,14,0.0000701
approximation one by one,15,95,0.9048,14,0.0000778
exact exhaustive,15,100,0.9524,13,0.0244263
exact increasing size,15,100,0.9524,13,0.0194908
exact alex optimization,15,100,0.9524,13,0.0232367
approximation two factor,15,100,0.9524,14,0.0000843
approximation one by one,15,100,0.9524,14,0.0000704
exact exhaustive,15,105,1.0000,14,0.0285617
exact increasing size,15,105,1.0000,14,0.0245568
exact alex optimization,15,105,1.0000,14,0.0291882
approximation two factor,15,105,1.0000,14,0.000055
approximation one by one,15,105,1.0000,14,0.000073
exact exhaustive,15,105,1.0000,14,0.0279854
exact increasing size,15,105,1.0000,14,0.0252497
exact alex optimization,15,105,1.0000,14,0.0288604
approximation two factor,15,105,1.0000,14,0.0000567
approximation one by one,15,105,1.0000,14,0.0000731
exact exhaustive,15,105,1.0000,14,0.031392
exact increasing size,15,105,1.0000,14,0.0261086
exact alex optimization,15,105,1.0000,14,0.0290212
approximation two factor,15,105,1.0000,14,0.0000636
approximation one by one,15,105,1.0000,14,0.0001168
exact exhaustive,16,16,0.1333,5,0.0070001
exact increasing size,16,16,0.1333,5,0.0007269
exact alex optimization,16,16,0.1333,5,0.0028534
approximation two factor,16,16,0.1333,8,0.0000227
approximation one by one,16,16,0.1333,6,0.0000149
exact exhaustive,16,22,0.1833,8,0.0115465
exact increasing size,16,22,0.1833,8,0.0060938
exact alex optimization,16,22,0.1833,8,0.0164681
approximation two factor,16,22,0.1833,12,0.0000212
approximation one by one,16,22,0.1833,10,0.0000255
exact exhaustive,16,31,0.2583,9,0.0160109
exact increasing size,16,31,0.2583,9,0.010989
exact alex optimization,16,31,0.2583,9,0.0179439
approximation two factor,16,31,0.2583,12,0.000025
approximation one by one,16,31,0.2583,15,0.0000469
exact exhaustive,16,59,0.4917,11,0.0273361
exact increasing size,16,59,0.4917,11,0.0221547
exact alex optimization,16,59,0.4917,11,0.0271262
approximation two factor,16,59,0.4917,14,0.0000883
approximation one by one,16,59,0.4917,12,0.0000476
exact exhaustive,16,80,0.6667,12,0.0353793
exact increasing size,16,80,0.6667,12,0.0288854
exact alex optimization,16,80,0.6667,12,0.0363076
approximation two factor,16,80,0.6667,14,0.0000444
approximation one by one,16,80,0.6667,14,0.0000539
exact exhaustive,16,87,0.7250,13,0.0356146
exact increasing size,16,87,0.7250,13,0.0314297
exact alex optimization,16,87,0.7250,13,0.0417934
approximation two factor,16,87,0.7250,16,0.0000518
approximation one by one,16,87,0.7250,14,0.0000564
exact exhaustive,16,101,0.8417,13,0.0414055
exact increasing size,16,101,0.8417,13,0.036962
exact alex optimization,16,101,0.8417,13,0.0431332
approximation two factor,16,101,0.8417,16,0.0000523
approximation one by one,16,101,0.8417,14,0.0000739
exact exhaustive,16,111,0.9250,14,0.0503946
exact increasing size,16,111,0.9250,14,0.0417743
exact alex optimization,16,111,0.9250,14,0.0569344
approximation two factor,16,111,0.9250,16,0.0000674
approximation one by one,16,111,0.9250,14,0.0000795
exact exhaustive,16,115,0.9583,14,0.0569426
exact increasing size,16,115,0.9583,14,0.0453453
exact alex optimization,16,115,0.9583,14,0.0578672
approximation two factor,16,115,0.9583,16,0.0000557
approximation one by one,16,115,0.9583,15,0.0000767
exact exhaustive,16,120,1.0000,15,0.0652066
exact increasing size,16,120,1.0000,15,0.0502383
exact alex optimization,16,120,1.0000,15,0.0620826
approximation two factor,16,120,1.0000,16,0.0000682
approximation one by one,16,120,1.0000,15,0.0000907
exact exhaustive,16,119,0.9917,14,0.0604568
exact increasing size,16,119,0.9917,14,0.0524313
exact alex optimization,16,119,0.9917,14,0.0580438
approximation two factor,16,119,0.9917,16,0.0000605
approximation one by one,16,119,0.9917,15,0.0000843
exact exhaustive,16,120,1.0000,15,0.0658694
exact increasing size,16,120,1.0000,15,0.0556721
exact alex optimization,16,120,1.0000,15,0.067263
approximation two factor,16,120,1.0000,16,0.0000642
approximation one by one,16,120,1.0000,15,0.0000828
exact exhaustive,17,13,0.0956,7,0.0168049
exact increasing size,17,13,0.0956,7,0.0050459
exact alex optimization,17,13,0.0956,7,0.0069022
approximation two factor,17,13,0.0956,12,0.0000156
approximation one by one,17,13,0.0956,8,0.0000128
exact exhaustive,17,36,0.2647,9,0.0259632
exact increasing size,17,36,0.2647,9,0.0184266
exact alex optimization,17,36,0.2647,9,0.0267488
approximation two factor,17,36,0.2647,12,0.0000317
approximation one by one,17,36,0.2647,13,0.0000313
exact exhaustive,17,51,0.3750,11,0.0490799
exact increasing size,17,51,0.3750,11,0.0373968
exact alex optimization,17,51,0.3750,11,0.0470501
approximation two factor,17,51,0.3750,14,0.0000376
approximation one by one,17,51,0.3750,14,0.0000458
exact exhaustive,17,76,0.5588,13,0.062215
exact increasing size,17,76,0.5588,13,0.0505656
exact alex optimization,17,76,0.5588,13,0.0614274
approximation two factor,17,76,0.5588,16,0.0000447
approximation one by one,17,76,0.5588,15,0.0000531
exact exhaustive,17,85,0.6250,13,0.0626443
exact increasing size,17,85,0.6250,13,0.0585421
exact alex optimization,17,85,0.6250,13,0.061261
approximation two factor,17,85,0.6250,16,0.0000546
approximation one by one,17,85,0.6250,16,0.0000623
exact exhaustive,17,107,0.7868,14,0.0819397
exact increasing size,17,107,0.7868,14,0.075968
exact alex optimization,17,107,0.7868,14,0.0827812
approximation two factor,17,107,0.7868,16,0.000061
approximation one by one,17,107,0.7868,15,0.0000801
exact exhaustive,17,116,0.8529,14,0.0972026
exact increasing size,17,116,0.8529,14,0.0958387
exact alex optimization,17,116,0.8529,14,0.0924504
approximation two factor,17,116,0.8529,16,0.0000627
approximation one by one,17,116,0.8529,16,0.0000813
exact exhaustive,17,128,0.9412,15,0.0994686
exact increasing size,17,128,0.9412,15,0.0984237
exact alex optimization,17,128,0.9412,15,0.1184908
approximation two factor,17,128,0.9412,16,0.0000678
approximation one by one,17,128,0.9412,16,0.0000931
exact exhaustive,17,128,0.9412,15,0.1246819
exact increasing size,17,128,0.9412,15,0.1168486
exact alex optimization,17,128,0.9412,15,0.1224676
approximation two factor,17,128,0.9412,16,0.0000696
approximation one by one,17,128,0.9412,16,0.0000968
exact exhaustive,17,133,0.9779,15,0.1380885
exact increasing size,17,133,0.9779,15,0.1333713
exact alex optimization,17,133,0.9779,15,0.1358523
approximation two factor,17,133,0.9779,16,0.0000702
approximation one by one,17,133,0.9779,16,0.000099
exact exhaustive,17,136,1.0000,16,0.1435898
exact increasing size,17,136,1.0000,16,0.1362206
exact alex optimization,17,136,1.0000,16,0.1519748
approximation two factor,17,136,1.0000,16,0.0000688
approximation one by one,17,136,1.0000,16,0.0000917
exact exhaustive,17,136,1.0000,16,0.1511369
exact increasing size,17,136,1.0000,16,0.141659
exact alex optimization,17,136,1.0000,16,0.1455672
approximation two factor,17,136,1.0000,16,0.0000716
approximation one by one,17,136,1.0000,16,0.0000954
exact exhaustive,18,18,0.1176,7,0.0521624
exact increasing size,18,18,0.1176,7,0.0110774
exact alex optimization,18,18,0.1176,7,0.0326777
approximation two factor,18,18,0.1176,12,0.0000189
approximation one by one,18,18,0.1176,10,0.0000165
exact exhaustive,18,28,0.1830,9,0.0580224
exact increasing size,18,28,0.1830,9,0.0313999
exact alex optimization,18,28,0.1830,9,0.0415841
approximation two factor,18,28,0.1830,12,0.0000436
approximation one by one,18,28,0.1830,11,0.0000282
exact exhaustive,18,50,0.3268,12,0.1092076
exact increasing size,18,50,0.3268,12,0.0945474
exact alex optimization,18,50,0.3268,12,0.1176142
approximation two factor,18,50,0.3268,14,0.0000335
approximation one by one,18,50,0.3268,15,0.0000404
exact exhaustive,18,76,0.4967,14,0.1437548
exact increasing size,18,76,0.4967,14,0.1270594
exact alex optimization,18,76,0.4967,14,0.1548383
approximation two factor,18,76,0.4967,18,0.0000514
approximation one by one,18,76,0.4967,14,0.0000535
exact exhaustive,18,90,0.5882,13,0.1662416
exact increasing size,18,90,0.5882,13,0.1462969
exact alex optimization,18,90,0.5882,13,0.1718958
approximation two factor,18,90,0.5882,16,0.0000508
approximation one by one,18,90,0.5882,16,0.0000686
exact exhaustive,18,118,0.7712,15,0.2469387
exact increasing size,18,118,0.7712,15,0.2093626
exact alex optimization,18,118,0.7712,15,0.2394638
approximation two factor,18,118,0.7712,16,0.0000646
approximation one by one,18,118,0.7712,17,0.0000923
exact exhaustive,18,126,0.8235,15,0.2465743
exact increasing size,18,126,0.8235,15,0.2313938
exact alex optimization,18,126,0.8235,15,0.2378812
approximation two factor,18,126,0.8235,18,0.0000661
approximation one by one,18,126,0.8235,16,0.0000976
exact exhaustive,18,139,0.9085,15,0.2533625
exact increasing size,18,139,0.9085,15,0.2305298
exact alex optimization,18,139,0.9085,15,0.257081
approximation two factor,18,139,0.9085,18,0.0000734
approximation one by one,18,139,0.9085,17,0.0001043
exact exhaustive,18,140,0.9150,15,0.3026972
exact increasing size,18,140,0.9150,15,0.265507
exact alex optimization,18,140,0.9150,15,0.2971553
approximation two factor,18,140,0.9150,18,0.0000754
approximation one by one,18,140,0.9150,17,0.0001092
exact exhaustive,18,153,1.0000,17,0.3030888
exact increasing size,18,153,1.0000,17,0.2610183
exact alex optimization,18,153,1.0000,17,0.2923543
approximation two factor,18,153,1.0000,18,0.0000779
approximation one by one,18,153,1.0000,17,0.0001184
exact exhaustive,18,152,0.9935,16,0.2961519
exact increasing size,18,152,0.9935,16,0.2776817
exact alex optimization,18,152,0.9935,16,0.2958947
approximation two factor,18,152,0.9935,18,0.0000777
approximation one by one,18,152,0.9935,17,0.0001177
exact exhaustive,18,153,1.0000,17,0.3494874
exact increasing size,18,153,1.0000,17,0.3070875
exact alex optimization,18,153,1.0000,17,0.3403125
approximation two factor,18,153,1.0000,18,0.0000807
approximation one by one,18,153,1.0000,17,0.00011
exact exhaustive,19,28,0.1637,10,0.121428
exact increasing size,19,28,0.1637,10,0.0894086
exact alex optimization,19,28,0.1637,10,0.1226177
approximation two factor,19,28,0.1637,16,0.0000259
approximation one by one,19,28,0.1637,12,0.0000261
exact exhaustive,19,32,0.1871,9,0.0965327
exact increasing size,19,32,0.1871,9,0.0625191
exact alex optimization,19,32,0.1871,9,0.1055865
approximation two factor,19,32,0.1871,16,0.0000383
approximation one by one,19,32,0.1871,12,0.0000249
exact exhaustive,19,69,0.4035,11,0.2230679
exact increasing size,19,69,0.4035,11,0.1563733
exact alex optimization,19,69,0.4035,11,0.2296299
approximation two factor,19,69,0.4035,16,0.0000519
approximation one by one,19,69,0.4035,17,0.0000588
exact exhaustive,19,73,0.4269,12,0.2546908
exact increasing size,19,73,0.4269,12,0.2015649
exact alex optimization,19,73,0.4269,12,0.2418522
approximation two factor,19,73,0.4269,18,0.000073
approximation one by one,19,73,0.4269,15,0.0000596
exact exhaustive,19,105,0.6140,15,0.3434997
exact increasing size,19,105,0.6140,15,0.3319721
exact alex optimization,19,105,0.6140,15,0.3581297
approximation two factor,19,105,0.6140,18,0.000057
approximation one by one,19,105,0.6140,17,0.0000836
exact exhaustive,19,131,0.7661,15,0.4741952
exact increasing size,19,131,0.7661,15,0.416744
exact alex optimization,19,131,0.7661,15,0.4681851
approximation two factor,19,131,0.7661,18,0.0000662
approximation one by one,19,131,0.7661,18,0.0001071
exact exhaustive,19,135,0.7895,16,0.4871633
exact increasing size,19,135,0.7895,16,0.4388127
exact alex optimization,19,135,0.7895,16,0.4812995
approximation two factor,19,135,0.7895,18,0.0000717
approximation one by one,19,135,0.7895,17,0.0000987
exact exhaustive,19,156,0.9123,16,0.5787583
exact increasing size,19,156,0.9123,16,0.5104588
exact alex optimization,19,156,0.9123,16,0.5699527
approximation two factor,19,156,0.9123,18,0.0000762
approximation one by one,19,156,0.9123,18,0.0001167
exact exhaustive,19,160,0.9357,17,0.5306695
exact increasing size,19,160,0.9357,17,0.5093479
exact alex optimization,19,160,0.9357,17,0.5453529
approximation two factor,19,160,0.9357,18,0.0000768
approximation one by one,19,160,0.9357,18,0.00012
exact exhaustive,19,170,0.9942,17,0.6479952
exact increasing size,19,170,0.9942,17,0.619815
exact alex optimization,19,170,0.9942,17,0.6548831
approximation two factor,19,170,0.9942,18,0.0000849
approximation one by one,19,170,0.9942,18,0.0001361
exact exhaustive,19,171,1.0000,18,0.6585322
exact increasing size,19,171,1.0000,18,0.610017
exact alex optimization,19,171,1.0000,18,0.6803121
approximation two factor,19,171,1.0000,18,0.0000883
approximation one by one,19,171,1.0000,18,0.0001385
exact exhaustive,19,171,1.0000,18,0.6947752
exact increasing size,19,171,1.0000,18,0.6454273
exact alex optimization,19,171,1.0000,18,0.6740282
approximation two factor,19,171,1.0000,18,0.0000832
approximation one by one,19,171,1.0000,18,0.000133
exact exhaustive,20,19,0.1000,8,0.1655446
exact increasing size,20,19,0.1000,8,0.0302577
exact alex optimization,20,19,0.1000,8,0.1094582
approximation two factor,20,19,0.1000,12,0.0000173
approximation one by one,20,19,0.1000,12,0.0000196
exact exhaustive,20,29,0.1526,9,0.2063151
exact increasing size,20,29,0.1526,9,0.0670668
exact alex optimization,20,29,0.1526,9,0.1963662
approximation two factor,20,29,0.1526,14,0.0000215
approximation one by one,20,29,0.1526,12,0.0000283
exact exhaustive,20,64,0.3368,14,0.5094083
exact increasing size,20,64,0.3368,14,0.403721
exact alex optimization,20,64,0.3368,14,0.454137
approximation two factor,20,64,0.3368,18,0.0000398
approximation one by one,20,64,0.3368,15,0.0000503
exact exhaustive,20,102,0.5368,15,0.6661387
exact increasing size,20,102,0.5368,15,0.5900828
exact alex optimization,20,102,0.5368,15,0.6858626
approximation two factor,20,102,0.5368,20,0.0000669
approximation one by one,20,102,0.5368,17,0.0000795
exact exhaustive,20,122,0.6421,15,0.7556332
exact increasing size,20,122,0.6421,15,0.6422018
exact alex optimization,20,122,0.6421,15,0.6272288
approximation two factor,20,122,0.6421,20,0.0000859
approximation one by one,20,122,0.6421,17,0.0000892
exact exhaustive,20,140,0.7368,17,0.9392478
exact increasing size,20,140,0.7368,17,0.8086024
exact alex optimization,20,140,0.7368,17,0.7814233
approximation two factor,20,140,0.7368,20,0.0001146
approximation one by one,20,140,0.7368,17,0.0001123
exact exhaustive,20,160,0.8421,17,0.9921967
exact increasing size,20,160,0.8421,17,0.9064206
exact alex optimization,20,160,0.8421,17,0.8484308
approximation two factor,20,160,0.8421,18,0.0000821
approximation one by one,20,160,0.8421,19,0.0001365
exact exhaustive,20,169,0.8895,18,1.0988647
exact increasing size,20,169,0.8895,18,1.0410999
exact alex optimization,20,169,0.8895,18,0.9291441
approximation two factor,20,169,0.8895,20,0.0000857
approximation one by one,20,169,0.8895,19,0.0001364
exact exhaustive,20,183,0.9632,18,1.2580796
exact increasing size,20,183,0.9632,18,1.1558618
exact alex optimization,20,183,0.9632,18,1.2312449
approximation two factor,20,183,0.9632,20,0.0000879
approximation one by one,20,183,0.9632,18,0.0001502
exact exhaustive,20,188,0.9895,18,1.291817
exact increasing size,20,188,0.9895,18,1.2079024
exact alex optimization,20,188,0.9895,18,1.0869022
approximation two factor,20,188,0.9895,20,0.0000935
approximation one by one,20,188,0.9895,19,0.0001446
exact exhaustive,20,190,1.0000,19,1.4280915
exact increasing size,20,190,1.0000,19,1.3056358
exact alex optimization,20,190,1.0000,19,1.2104983
approximation two factor,20,190,1.0000,20,0.0000962
approximation one by one,20,190,1.0000,19,0.0001415
exact exhaustive,20,190,1.0000,19,1.5075706
exact increasing size,20,190,1.0000,19,1.3609271
exact alex optimization,20,190,1.0000,19,1.4553393
approximation two factor,20,190,1.0000,20,0.0000985
approximation one by one,20,190,1.0000,19,0.0001427
exact exhaustive,21,30,0.1429,9,0.4437699
exact increasing size,21,30,0.1429,9,0.1443011
exact alex optimization,21,30,0.1429,9,0.3876493
approximation two factor,21,30,0.1429,12,0.000021
approximation one by one,21,30,0.1429,11,0.0000239
exact exhaustive,21,45,0.2143,12,0.8232613
exact increasing size,21,45,0.2143,12,0.5915547
exact alex optimization,21,45,0.2143,12,0.9266564
approximation two factor,21,45,0.2143,16,0.0000372
approximation one by one,21,45,0.2143,15,0.0000434
exact exhaustive,21,76,0.3619,14,1.1432173
exact increasing size,21,76,0.3619,14,0.9922094
exact alex optimization,21,76,0.3619,14,1.1285442
approximation two factor,21,76,0.3619,20,0.0000472
approximation one by one,21,76,0.3619,19,0.0000671
exact exhaustive,21,100,0.4762,16,1.5769696
exact increasing size,21,100,0.4762,16,1.6600608
exact alex optimization,21,100,0.4762,16,1.614345
approximation two factor,21,100,0.4762,18,0.0000596
approximation one by one,21,100,0.4762,17,0.0000877
exact exhaustive,21,120,0.5714,16,1.5084128
exact increasing size,21,120,0.5714,16,1.4695256
exact alex optimization,21,120,0.5714,16,1.6301382
approximation two factor,21,120,0.5714,20,0.0000663
approximation one by one,21,120,0.5714,18,0.0001057
exact exhaustive,21,157,0.7476,17,2.0490245
exact increasing size,21,157,0.7476,17,2.0169124
exact alex optimization,21,157,0.7476,17,2.0664182
approximation two factor,21,157,0.7476,20,0.0000821
approximation one by one,21,157,0.7476,19,0.0001295
exact exhaustive,21,172,0.8190,18,2.1962136
exact increasing size,21,172,0.8190,18,2.1580639
exact alex optimization,21,172,0.8190,18,2.2321553
approximation two factor,21,172,0.8190,20,0.0000986
approximation one by one,21,172,0.8190,20,0.0001594
exact exhaustive,21,198,0.9429,18,2.6513251
exact increasing size,21,198,0.9429,18,2.5131559
exact alex optimization,21,198,0.9429,18,2.7061104
approximation two factor,21,198,0.9429,20,0.0001071
approximation one by one,21,198,0.9429,20,0.0001706
exact exhaustive,21,199,0.9476,19,2.7175926
exact increasing size,21,199,0.9476,19,6.9064809
exact alex optimization,21,199,0.9476,19,4.0809862
approximation two factor,21,199,0.9476,20,0.0001062
approximation one by one,21,199,0.9476,19,0.0001751
exact exhaustive,21,209,0.9952,19,2.7894521
exact increasing size,21,209,0.9952,19,2.7652691
exact alex optimization,21,209,0.9952,19,2.8510698
approximation two factor,21,209,0.9952,20,0.0001116
approximation one by one,21,209,0.9952,20,0.0001822
exact exhaustive,21,208,0.9905,19,2.9640048
exact increasing size,21,208,0.9905,19,2.8649221
exact alex optimization,21,208,0.9905,19,2.9931245
approximation two factor,21,208,0.9905,20,0.0001172
approximation one by one,21,208,0.9905,20,0.0001804
exact exhaustive,21,210,1.0000,20,2.9860347
exact increasing size,21,210,1.0000,20,2.9403748
exact alex optimization,21,210,1.0000,20,2.9945283
approximation two factor,21,210,1.0000,20,0.0001067
approximation one by one,21,210,1.0000,20,0.0001814
exact exhaustive,22,26,0.1126,10,0.7694934
exact increasing size,22,26,0.1126,10,0.4029557
exact alex optimization,22,26,0.1126,10,0.8470064
approximation two factor,22,26,0.1126,18,0.0000237
approximation one by one,22,26,0.1126,12,0.0000249
exact exhaustive,22,42,0.1818,12,1.3063445
exact increasing size,22,42,0.1818,12,0.9488459
exact alex optimization,22,42,0.1818,12,1.3773039
approximation two factor,22,42,0.1818,20,0.0000293
approximation one by one,22,42,0.1818,14,0.0000395
exact exhaustive,22,73,0.3160,15,2.0517952
exact increasing size,22,73,0.3160,15,1.9358454
exact alex optimization,22,73,0.3160,15,2.0720187
approximation two factor,22,73,0.3160,20,0.0000474
approximation one by one,22,73,0.3160,18,0.0000651
exact exhaustive,22,107,0.4632,16,2.8250659
exact increasing size,22,107,0.4632,16,2.8080754
exact alex optimization,22,107,0.4632,16,2.8568038
approximation two factor,22,107,0.4632,22,0.0000714
approximation one by one,22,107,0.4632,18,0.0001068
exact exhaustive,22,139,0.6017,18,3.0752766
exact increasing size,22,139,0.6017,18,3.1945377
exact alex optimization,22,139,0.6017,18,3.1496543
approximation two factor,22,139,0.6017,22,0.0000791
approximation one by one,22,139,0.6017,19,0.0001312
exact exhaustive,22,172,0.7446,18,3.5093092
exact increasing size,22,172,0.7446,18,3.5419338
exact alex optimization,22,172,0.7446,18,3.6173225
approximation two factor,22,172,0.7446,22,0.0000969
approximation one by one,22,172,0.7446,21,0.0001608
exact exhaustive,22,192,0.8312,19,4.3960233
exact increasing size,22,192,0.8312,19,10.0012803
exact alex optimization,22,192,0.8312,19,4.6079843
approximation two factor,22,192,0.8312,20,0.000103
approximation one by one,22,192,0.8312,21,0.0001687
exact exhaustive,22,220,0.9524,20,4.9106371
exact increasing size,22,220,0.9524,20,11.0022855
exact alex optimization,22,220,0.9524,20,4.9774076
approximation two factor,22,220,0.9524,22,0.0001204
approximation one by one,22,220,0.9524,20,0.000188
exact exhaustive,22,217,0.9394,20,5.5398737
exact increasing size,22,217,0.9394,20,11.3353884
exact alex optimization,22,217,0.9394,20,5.5836327
approximation two factor,22,217,0.9394,20,0.0001106
approximation one by one,22,217,0.9394,21,0.0001926
exact exhaustive,22,227,0.9827,20,5.8619799
exact increasing size,22,227,0.9827,20,5.7722978
exact alex optimization,22,227,0.9827,20,5.8954169
approximation two factor,22,227,0.9827,22,0.0001457
approximation one by one,22,227,0.9827,21,0.0002219
exact exhaustive,22,231,1.0000,21,6.0086438
exact increasing size,22,231,1.0000,21,5.8966238
exact alex optimization,22,231,1.0000,21,6.052341
approximation two factor,22,231,1.0000,22,0.0002007
approximation one by one,22,231,1.0000,21,0.0002001
exact exhaustive,22,231,1.0000,21,6.2102332
exact increasing size,22,231,1.0000,21,6.1988149
exact alex optimization,22,231,1.0000,21,6.2130624
approximation two factor,22,231,1.0000,22,0.0001264
approximation one by one,22,231,1.0000,21,0.0001905
exact exhaustive,23,28,0.1107,11,1.9251105
exact increasing size,23,28,0.1107,11,1.268366
exact alex optimization,23,28,0.1107,11,1.6344069
approximation two factor,23,28,0.1107,20,0.0000239
approximation one by one,23,28,0.1107,14,0.0000266
exact exhaustive,23,61,0.2411,14,3.6535278
exact increasing size,23,61,0.2411,14,3.3352688
exact alex optimization,23,61,0.2411,14,3.7341648
approximation two factor,23,61,0.2411,18,0.0000433
approximation one by one,23,61,0.2411,17,0.000056
exact exhaustive,23,94,0.3715,16,4.5608073
exact increasing size,23,94,0.3715,16,4.647054
exact alex optimization,23,94,0.3715,16,4.7502773
approximation two factor,23,94,0.3715,22,0.0000611
approximation one by one,23,94,0.3715,20,0.0000856
exact exhaustive,23,119,0.4704,17,5.3648392
exact increasing size,23,119,0.4704,17,5.3678632
exact alex optimization,23,119,0.4704,17,5.3770607
approximation two factor,23,119,0.4704,22,0.0000738
approximation one by one,23,119,0.4704,18,0.0001044
exact exhaustive,23,164,0.6482,18,7.9281667
exact increasing size,23,164,0.6482,18,7.8205143
exact alex optimization,23,164,0.6482,18,7.9937973
approximation two factor,23,164,0.6482,22,0.0000943
approximation one by one,23,164,0.6482,22,0.0001458
exact exhaustive,23,186,0.7352,19,7.9825145
exact increasing size,23,186,0.7352,19,8.4367673
exact alex optimization,23,186,0.7352,19,8.1717533
approximation two factor,23,186,0.7352,22,0.0000984
approximation one by one,23,186,0.7352,21,0.0001496
exact exhaustive,23,222,0.8775,20,9.7547543
exact increasing size,23,222,0.8775,20,9.9858682
exact alex optimization,23,222,0.8775,20,9.7899015
approximation two factor,23,222,0.8775,22,0.0001209
approximation one by one,23,222,0.8775,22,0.0001958
exact exhaustive,23,225,0.8893,20,9.701095
exact increasing size,23,225,0.8893,20,9.9091316
exact alex optimization,23,225,0.8893,20,9.9604085
approximation two factor,23,225,0.8893,22,0.0001217
approximation one by one,23,225,0.8893,22,0.0001894
exact exhaustive,23,240,0.9486,21,10.6937617
exact increasing size,23,240,0.9486,21,10.7004866
exact alex optimization,23,240,0.9486,21,10.6056139
approximation two factor,23,240,0.9486,22,0.00016
approximation one by one,23,240,0.9486,22,0.0002072
exact exhaustive,23,251,0.9921,21,12.0631359
exact increasing size,23,251,0.9921,21,12.3282666
exact alex optimization,23,251,0.9921,21,12.3658527
approximation two factor,23,251,0.9921,22,0.0001309
approximation one by one,23,251,0.9921,22,0.0002149
exact exhaustive,23,252,0.9960,21,12.5951514
exact increasing size,23,252,0.9960,21,18.3279164
exact alex optimization,23,252,0.9960,21,12.6862078
approximation two factor,23,252,0.9960,22,0.0001368
approximation one by one,23,252,0.9960,22,0.0002228
exact exhaustive,23,253,1.0000,22,12.8419838
exact increasing size,23,253,1.0000,22,18.8050852
exact alex optimization,23,253,1.0000,22,13.0410218
approximation two factor,23,253,1.0000,22,0.0001825
approximation one by one,23,253,1.0000,22,0.0002233
exact exhaustive,24,20,0.0725,7,3.2643311
exact increasing size,24,20,0.0725,7,0.1289947
exact alex optimization,24,20,0.0725,7,0.5011532
approximation two factor,24,20,0.0725,12,0.0000176
approximation one by one,24,20,0.0725,9,0.000016
exact exhaustive,24,51,0.1848,13,6.6697502
exact increasing size,24,51,0.1848,13,5.2133897
exact alex optimization,24,51,0.1848,13,6.7165199
approximation two factor,24,51,0.1848,22,0.0000388
approximation one by one,24,51,0.1848,18,0.0000537
exact exhaustive,24,104,0.3768,17,11.6132557
exact increasing size,24,104,0.3768,17,10.0091397
exact alex optimization,24,104,0.3768,17,9.6297018
approximation two factor,24,104,0.3768,22,0.0000776
approximation one by one,24,104,0.3768,20,0.0000956
exact exhaustive,24,155,0.5616,19,10.8940257
exact increasing size,24,155,0.5616,19,11.2430959
exact alex optimization,24,155,0.5616,19,10.3066539
approximation two factor,24,155,0.5616,22,0.0000932
approximation one by one,24,155,0.5616,22,0.0001377
exact exhaustive,24,191,0.6920,20,13.9087952
exact increasing size,24,191,0.6920,20,12.5567
exact alex optimization,24,191,0.6920,20,11.8820419
approximation two factor,24,191,0.6920,22,0.0000982
approximation one by one,24,191,0.6920,22,0.0001615
exact exhaustive,24,210,0.7609,20,15.9344421
exact increasing size,24,210,0.7609,20,16.9299042
exact alex optimization,24,210,0.7609,20,16.2453291
approximation two factor,24,210,0.7609,24,0.0001168
approximation one by one,24,210,0.7609,22,0.0001852
exact exhaustive,24,226,0.8188,21,17.899948
exact increasing size,24,226,0.8188,21,18.7711977
exact alex optimization,24,226,0.8188,21,17.8641728
approximation two factor,24,226,0.8188,22,0.0001324
approximation one by one,24,226,0.8188,23,0.0002084
exact exhaustive,24,250,0.9058,21,21.3711788
exact increasing size,24,250,0.9058,21,27.1278502
exact alex optimization,24,250,0.9058,21,21.3750027
approximation two factor,24,250,0.9058,24,0.0001474
approximation one by one,24,250,0.9058,23,0.0002775
exact exhaustive,24,266,0.9638,22,21.8731975
exact increasing size,24,266,0.9638,22,25.3841598
exact alex optimization,24,266,0.9638,22,18.5202797
approximation two factor,24,266,0.9638,24,0.0001453
approximation one by one,24,266,0.9638,23,0.0002177
exact exhaustive,24,274,0.9928,22,21.441249
exact increasing size,24,274,0.9928,22,23.6307901
exact alex optimization,24,274,0.9928,22,25.9828831
approximation two factor,24,274,0.9928,24,0.0001571
approximation one by one,24,274,0.9928,23,0.0002467
exact exhaustive,24,276,1.0000,23,26.9533501
exact increasing size,24,276,1.0000,23,30.4978199
exact alex optimization,24,276,1.0000,23,22.5871727
approximation two factor,24,276,1.0000,24,0.0001532
approximation one by one,24,276,1.0000,23,0.0002475
exact exhaustive,24,276,1.0000,23,24.1721559
exact increasing size,24,276,1.0000,23,33.2391269
exact alex optimization,24,276,1.0000,23,27.9865132
approximation two factor,24,276,1.0000,24,0.000186
approximation one by one,24,276,1.0000,23,0.0002408
exact exhaustive,25,23,0.0767,9,6.3446668
exact increasing size,25,23,0.0767,9,1.0497172
exact alex optimization,25,23,0.0767,9,3.5102116
approximation two factor,25,23,0.0767,18,0.0000198
approximation one by one,25,23,0.0767,12,0.0000227
exact exhaustive,25,49,0.1633,13,9.185117
exact increasing size,25,49,0.1633,13,12.6873539
exact alex optimization,25,49,0.1633,13,7.5965817
approximation two factor,25,49,0.1633,18,0.0000318
approximation one by one,25,49,0.1633,15,0.0000436
exact exhaustive,25,106,0.3533,17,18.9706502
exact increasing size,25,106,0.3533,17,19.230526
exact alex optimization,25,106,0.3533,17,19.8755205
approximation two factor,25,106,0.3533,24,0.0000726
approximation one by one,25,106,0.3533,22,0.0001068
exact exhaustive,25,144,0.4800,18,26.8895969
exact increasing size,25,144,0.4800,18,28.312854
exact alex optimization,25,144,0.4800,18,27.5081365
approximation two factor,25,144,0.4800,24,0.0000844
approximation one by one,25,144,0.4800,22,0.0001176
exact exhaustive,25,190,0.6333,20,28.4859754
exact increasing size,25,190,0.6333,20,40.4053478
exact alex optimization,25,190,0.6333,20,27.3995177
approximation two factor,25,190,0.6333,24,0.0001157
approximation one by one,25,190,0.6333,23,0.000164
exact exhaustive,25,229,0.7633,22,30.49036
exact increasing size,25,229,0.7633,22,40.9289797
exact alex optimization,25,229,0.7633,22,36.1360168
approximation two factor,25,229,0.7633,24,0.0001433
approximation one by one,25,229,0.7633,24,0.0002155
exact exhaustive,25,254,0.8467,22,39.0344796
exact increasing size,25,254,0.8467,22,39.3252695
exact alex optimization,25,254,0.8467,22,34.1398942
approximation two factor,25,254,0.8467,24,0.0001373
approximation one by one,25,254,0.8467,24,0.0002507
exact exhaustive,25,277,0.9233,22,37.5797581
exact increasing size,25,277,0.9233,22,41.8190328
exact alex optimization,25,277,0.9233,22,37.7237977
approximation two factor,25,277,0.9233,24,0.0001582
approximation one by one,25,277,0.9233,24,0.0002326
exact exhaustive,25,286,0.9533,22,39.9613541
exact increasing size,25,286,0.9533,22,62.8289327
exact alex optimization,25,286,0.9533,22,39.1957203
approximation two factor,25,286,0.9533,24,0.000154
approximation one by one,25,286,0.9533,24,0.0002527
exact exhaustive,25,294,0.9800,23,41.8282479
exact increasing size,25,294,0.9800,23,49.9244411
exact alex optimization,25,294,0.9800,23,50.8215968
approximation two factor,25,294,0.9800,24,0.0001876
approximation one by one,25,294,0.9800,24,0.000283
exact exhaustive,25,299,0.9967,23,56.1729849
exact increasing size,25,299,0.9967,23,61.3429641
exact alex optimization,25,299,0.9967,23,56.7629138
approximation two factor,25,299,0.9967,24,0.0001748
approximation one by one,25,299,0.9967,23,0.0002522
exact exhaustive,25,300,1.0000,24,58.0371221
exact increasing size,25,300,1.0000,24,63.289089
exact alex optimization,25,300,1.0000,24,56.7133863
approximation two factor,25,300,1.0000,24,0.000176
approximation one by one,25,300,1.0000,24,0.0002742
exact exhaustive,26,36,0.1108,13,16.3747069
exact increasing size,26,36,0.1108,13,11.3932761
exact alex optimization,26,36,0.1108,13,13.8913723
approximation two factor,26,36,0.1108,20,0.000028
approximation one by one,26,36,0.1108,16,0.0000509
exact exhaustive,26,70,0.2154,15,27.0152133
exact increasing size,26,70,0.2154,15,26.2318076
exact alex optimization,26,70,0.2154,15,26.2141374
approximation two factor,26,70,0.2154,22,0.000046
approximation one by one,26,70,0.2154,20,0.0000674
exact exhaustive,26,136,0.4185,20,41.386585
exact increasing size,26,136,0.4185,20,66.2863289
exact alex optimization,26,136,0.4185,20,35.623058
approximation two factor,26,136,0.4185,26,0.0000871
approximation one by one,26,136,0.4185,25,0.0001284
exact exhaustive,26,151,0.4646,19,42.2930695
exact increasing size,26,151,0.4646,19,58.4504468
exact alex optimization,26,151,0.4646,19,52.8967335
approximation two factor,26,151,0.4646,24,0.0000992
approximation one by one,26,151,0.4646,23,0.0001373
exact exhaustive,26,194,0.5969,21,54.8408076
exact increasing size,26,194,0.5969,21,62.70327
exact alex optimization,26,194,0.5969,21,45.6899612
approximation two factor,26,194,0.5969,24,0.000115
approximation one by one,26,194,0.5969,22,0.000179
exact exhaustive,26,235,0.7231,22,48.3662317
exact increasing size,26,235,0.7231,22,54.8100723
exact alex optimization,26,235,0.7231,22,50.747538
approximation two factor,26,235,0.7231,24,0.0001439
approximation one by one,26,235,0.7231,25,0.0002275
exact exhaustive,26,275,0.8462,23,78.9055819
exact increasing size,26,275,0.8462,23,96.2790892
exact alex optimization,26,275,0.8462,23,65.3355757
approximation two factor,26,275,0.8462,24,0.0001603
approximation one by one,26,275,0.8462,25,0.0002429
exact exhaustive,26,294,0.9046,23,76.0316785
exact increasing size,26,294,0.9046,23,102.1914847
exact alex optimization,26,294,0.9046,23,76.0331498
approximation two factor,26,294,0.9046,26,0.0001721
approximation one by one,26,294,0.9046,25,0.0002652
exact exhaustive,26,319,0.9815,23,85.6006946
exact increasing size,26,319,0.9815,23,100.1981951
exact alex optimization,26,319,0.9815,23,86.4153997
approximation two factor,26,319,0.9815,26,0.0001812
approximation one by one,26,319,0.9815,25,0.0002928
exact exhaustive,26,322,0.9908,24,95.622393
exact increasing size,26,322,0.9908,24,101.8093986
exact alex optimization,26,322,0.9908,24,95.021944
approximation two factor,26,322,0.9908,26,0.0001855
approximation one by one,26,322,0.9908,25,0.000305
exact exhaustive,26,325,1.0000,25,92.6734222
exact increasing size,26,325,1.0000,25,124.6427626
exact alex optimization,26,325,1.0000,25,93.4628119
approximation two factor,26,325,1.0000,26,0.0002057
approximation one by one,26,325,1.0000,25,0.0003033
exact exhaustive,26,325,1.0000,25,105.648219
exact increasing size,26,325,1.0000,25,131.2419165
exact alex optimization,26,325,1.0000,25,106.009871
approximation two factor,26,325,1.0000,26,0.0001769
approximation one by one,26,325,1.0000,25,0.0003026
exact exhaustive,27,29,0.0826,11,32.5077644
exact increasing size,27,29,0.0826,11,9.6185372
exact alex optimization,27,29,0.0826,11,25.2823222
approximation two factor,27,29,0.0826,16,0.0000267
approximation one by one,27,29,0.0826,16,0.0000285
exact exhaustive,27,69,0.1966,16,47.6303335
exact increasing size,27,69,0.1966,16,53.4788411
exact alex optimization,27,69,0.1966,16,46.7592701
approximation two factor,27,69,0.1966,24,0.0000476
approximation one by one,27,69,0.1966,21,0.0000718
exact exhaustive,27,122,0.3476,19,79.6300632
exact increasing size,27,122,0.3476,19,107.2224867
exact alex optimization,27,122,0.3476,19,80.1940568
approximation two factor,27,122,0.3476,24,0.0000747
approximation one by one,27,122,0.3476,22,0.0001155
exact exhaustive,27,183,0.5214,21,99.4234264
exact increasing size,27,183,0.5214,21,121.4698927
exact alex optimization,27,183,0.5214,21,99.4329804
approximation two factor,27,183,0.5214,24,0.0001369
approximation one by one,27,183,0.5214,24,0.0001649
exact exhaustive,27,221,0.6296,22,111.5686412
exact increasing size,27,221,0.6296,22,165.4749469
exact alex optimization,27,221,0.6296,22,112.067337
approximation two factor,27,221,0.6296,26,0.0001341
approximation one by one,27,221,0.6296,25,0.0002085
exact exhaustive,27,257,0.7322,23,113.0419837
exact increasing size,27,257,0.7322,23,178.8173315
exact alex optimization,27,257,0.7322,23,113.8343562
approximation two factor,27,257,0.7322,26,0.0002225
approximation one by one,27,257,0.7322,26,0.0002594
exact exhaustive,27,295,0.8405,24,132.9163906
exact increasing size,27,295,0.8405,24,171.9573369
exact alex optimization,27,295,0.8405,24,133.2761141
approximation two factor,27,295,0.8405,26,0.0001959
approximation one by one,27,295,0.8405,26,0.0002782
exact exhaustive,27,319,0.9088,24,150.7597914
exact increasing size,27,319,0.9088,24,188.4364067
exact alex optimization,27,319,0.9088,24,153.8863049
approximation two factor,27,319,0.9088,26,0.0001847
approximation one by one,27,319,0.9088,26,0.0003224
exact exhaustive,27,337,0.9601,24,214.9808572
exact increasing size,27,337,0.9601,24,252.4036001
exact alex optimization,27,337,0.9601,24,180.6008513
approximation two factor,27,337,0.9601,26,0.0002317
approximation one by one,27,337,0.9601,25,0.0002993
exact exhaustive,27,350,0.9972,25,189.3091869
exact increasing size,27,350,0.9972,25,221.3952991
exact alex optimization,27,350,0.9972,25,185.9100789
approximation two factor,27,350,0.9972,26,0.0002051
approximation one by one,27,350,0.9972,26,0.0003105
exact exhaustive,27,350,0.9972,25,237.8665234
exact increasing size,27,350,0.9972,25,279.4735268
exact alex optimization,27,350,0.9972,25,196.8906331
approximation two factor,27,350,0.9972,26,0.000214
approximation one by one,27,350,0.9972,26,0.0003433
exact exhaustive,27,351,1.0000,26,204.0733479
exact increasing size,27,351,1.0000,26,254.3348327
exact alex optimization,27,351,1.0000,26,207.3254599
approximation two factor,27,351,1.0000,26,0.000279
approximation one by one,27,351,1.0000,26,0.0003376
exact exhaustive,28,36,0.0952,13,56.6806198
exact increasing size,28,36,0.0952,13,45.4585891
exact alex optimization,28,36,0.0952,13,43.1293053
approximation two factor,28,36,0.0952,22,0.0000276
approximation one by one,28,36,0.0952,14,0.0000442
exact exhaustive,28,62,0.1640,15,82.3708562
exact increasing size,28,62,0.1640,15,103.463102
exact alex optimization,28,62,0.1640,15,80.3499803
approximation two factor,28,62,0.1640,24,0.0000495
approximation one by one,28,62,0.1640,19,0.0000637
exact exhaustive,28,129,0.3413,20,136.912187
exact increasing size,28,129,0.3413,20,316.5447932
exact alex optimization,28,129,0.3413,20,131.6255085
approximation two factor,28,129,0.3413,24,0.0000871
approximation one by one,28,129,0.3413,23,0.0001184
exact exhaustive,28,176,0.4656,22,175.6524369
exact increasing size,28,176,0.4656,22,274.3172733
exact alex optimization,28,176,0.4656,22,177.182259
approximation two factor,28,176,0.4656,26,0.0001065
approximation one by one,28,176,0.4656,25,0.0001728
exact exhaustive,28,252,0.6667,24,212.3428393
exact increasing size,28,252,0.6667,24,343.9999176
exact alex optimization,28,252,0.6667,24,212.37304
approximation two factor,28,252,0.6667,28,0.0001545
approximation one by one,28,252,0.6667,27,0.0002503
exact exhaustive,28,287,0.7593,24,257.5525648
exact increasing size,28,287,0.7593,24,416.3862751
exact alex optimization,28,287,0.7593,24,256.3361403
approximation two factor,28,287,0.7593,28,0.0001729
approximation one by one,28,287,0.7593,26,0.0002922
exact exhaustive,28,325,0.8598,25,327.999433
exact increasing size,28,325,0.8598,25,530.8207533
exact alex optimization,28,325,0.8598,25,332.406656
approximation two factor,28,325,0.8598,28,0.0002385
approximation one by one,28,325,0.8598,27,0.0003428
exact exhaustive,28,348,0.9206,25,310.3155858
exact increasing size,28,348,0.9206,25,557.1565744
exact alex optimization,28,348,0.9206,25,313.887038
approximation two factor,28,348,0.9206,28,0.0002169
approximation one by one,28,348,0.9206,27,0.0003405
exact exhaustive,28,366,0.9683,26,357.2890647
exact increasing size,28,366,0.9683,26,568.0832313
exact alex optimization,28,366,0.9683,26,414.2062429
approximation two factor,28,366,0.9683,26,0.0010478
approximation one by one,28,366,0.9683,27,0.0003672
exact exhaustive,28,371,0.9815,26,486.7534814
exact increasing size,28,371,0.9815,26,739.7328017
exact alex optimization,28,371,0.9815,26,388.6555544
approximation two factor,28,371,0.9815,28,0.0002742
approximation one by one,28,371,0.9815,27,0.0003477
exact exhaustive,28,377,0.9974,26,421.5684315
exact increasing size,28,377,0.9974,26,661.0545897
exact alex optimization,28,377,0.9974,26,509.811243
approximation two factor,28,377,0.9974,28,0.0002369
approximation one by one,28,377,0.9974,27,0.0003759
exact exhaustive,28,378,1.0000,27,516.5737313
exact increasing size,28,378,1.0000,27,758.3914073
exact alex optimization,28,378,1.0000,27,426.5473357
approximation two factor,28,378,1.0000,28,0.0002416
approximation one by one,28,378,1.0000,27,0.0003656
exact exhaustive,29,44,0.1084,14,106.1429532
exact alex optimization,29,44,0.1084,14,101.5416478
approximation two factor,29,44,0.1084,22,0.0000328
approximation one by one,29,44,0.1084,18,0.000048
exact exhaustive,29,79,0.1946,18,214.4053123
exact alex optimization,29,79,0.1946,18,215.2495732
approximation two factor,29,79,0.1946,26,0.0000925
approximation one by one,29,79,0.1946,22,0.0000866
exact exhaustive,29,148,0.3645,20,293.2216814
exact alex optimization,29,148,0.3645,20,295.7347198
approximation two factor,29,148,0.3645,28,0.0000999
approximation one by one,29,148,0.3645,23,0.0001398
exact exhaustive,29,215,0.5296,23,397.5885356
exact alex optimization,29,215,0.5296,23,400.1780748
approximation two factor,29,215,0.5296,28,0.000166
approximation one by one,29,215,0.5296,26,0.000214
exact exhaustive,29,265,0.6527,24,448.5403941
exact alex optimization,29,265,0.6527,24,451.7559676
approximation two factor,29,265,0.6527,28,0.0001865
approximation one by one,29,265,0.6527,27,0.0002822
exact exhaustive,29,316,0.7783,25,524.9395216
exact alex optimization,29,316,0.7783,25,533.397637
approximation two factor,29,316,0.7783,28,0.0002384
approximation one by one,29,316,0.7783,27,0.000315
exact exhaustive,29,332,0.8177,25,611.524165
exact alex optimization,29,332,0.8177,25,621.4336476
approximation two factor,29,332,0.8177,28,0.000266
approximation one by one,29,332,0.8177,26,0.00033
exact exhaustive,29,366,0.9015,26,653.7690544
exact alex optimization,29,366,0.9015,26,656.2432599
approximation two factor,29,366,0.9015,28,0.0002135
approximation one by one,29,366,0.9015,28,0.0003322
exact exhaustive,29,384,0.9458,27,727.4734247
exact alex optimization,29,384,0.9458,27,736.307938
approximation two factor,29,384,0.9458,28,0.0002263
approximation one by one,29,384,0.9458,28,0.0003946
exact exhaustive,29,400,0.9852,27,814.8824688
exact alex optimization,29,400,0.9852,27,823.8698127
approximation two factor,29,400,0.9852,28,0.0003086
approximation one by one,29,400,0.9852,28,0.0004543
exact exhaustive,29,405,0.9975,27,857.5937661
exact alex optimization,29,405,0.9975,27,869.268932
approximation two factor,29,405,0.9975,28,0.0002915
approximation one by one,29,405,0.9975,28,0.0004441
exact exhaustive,29,406,1.0000,28,871.4215687
exact alex optimization,29,406,1.0000,28,889.7824128
approximation two factor,29,406,1.0000,28,0.0002549
approximation one by one,29,406,1.0000,28,0.0004282
exact exhaustive,30,51,0.1172,16,294.8298895
exact alex optimization,30,51,0.1172,16,284.5601538
approximation two factor,30,51,0.1172,26,0.0000563
approximation one by one,30,51,0.1172,19,0.0000543
exact exhaustive,30,77,0.1770,18,361.4004957
exact alex optimization,30,77,0.1770,18,362.4189037
approximation two factor,30,77,0.1770,26,0.0000584
approximation one by one,30,77,0.1770,22,0.0000734
exact exhaustive,30,150,0.3448,21,529.4978008
exact alex optimization,30,150,0.3448,21,536.7887891
approximation two factor,30,150,0.3448,28,0.0000947
approximation one by one,30,150,0.3448,25,0.0001613
exact exhaustive,30,233,0.5356,24,756.3793425
exact alex optimization,30,233,0.5356,24,762.1603231
approximation two factor,30,233,0.5356,26,0.0001713
approximation one by one,30,233,0.5356,27,0.0002556
exact exhaustive,30,273,0.6276,25,859.9845519
exact alex optimization,30,273,0.6276,25,866.8304907
approximation two factor,30,273,0.6276,28,0.0003261
approximation one by one,30,273,0.6276,28,0.0002995
